alphayasha,NO,alphayasha
bigpoppa13,KC,biggpoppa13
BioSin,PIT,dfrye24
bonerjohnson,MIN,bonerjohnson
Calamarii,BUF,raptormadden
CaneFanMitch,DET,Mitchshep
Chancep19,SF,Chancep19
chillyzombie,TB,chillyzombie
danchan22,PHI,danchan22
docperkovich,OAK,RawDawgOutlaw69
DrKrausenbach,DAL,DrKrausenbach
GoCrapYourself,DET,TwelkieBeats
Goonzo,CIN,goonzogaming
Gronco,TEN,groncoxgtx
IComeUpWithBadIdeas,CAR,NeinNeinNein999
Inathosca,HOU,Inathosca
itshurleytime,GB,itshurleytime
Jmffn360,WAS,Jmffn
Jeffiguritout,JAX,jffiguritout
mistermonr0e,NYG,mistermonr0e
NerDxBomBer,CHI,NerDxBomBer
oobydoob,DEN,ooby27
Polite_Llama,ARI,politellama
SkeadLegend,STL,SkeadLegend
stenodork,Nyan,stenodork
Stingerr,NYJ,stingerr29
streetshine,SEA,streetshine
Tbeeezy,SD,TBeeeezy
TheEasyWay17,IND,sThatWasEasy
Triocha_Se,BAL,laupisdead
Tubabacon,CLE,tubabacon1
xCAPEDCRUSADERx,NE,xthecapedcrusaderx